<?xml version="1.0" encoding="UTF-8" standalone="yes"?>
<addon id="plugin.video.nbafullgames" name="NBA Full Games" version="1.2.51" provider-name="natko1412">
	<requires>
		<import addon="xbmc.python" version="2.1.0"/>
		<import addon="script.module.beautifulsoup" version="3.2.1"/>
    	<import addon="script.module.urlresolver" version="2.5.0" />
    	<import addon="script.module.youtube" optional="true" />
	</requires>
	<extension point="xbmc.python.pluginsource" library="default.py">
		<provides>video</provides>
	</extension>
	<extension point="xbmc.addon.metadata">
		<summary lang="en">NBA Full Matches</summary>
		<description lang="en">Watch full NBA matches available in 720p</description>
		<disclaimer lang="en">The author does not host or distribute any of the content displayed by this addon. The author does not have any affiliation with the content provider.</disclaimer>
		
		<platform>all</platform>
	</extension>
</addon>