<?xml version="1.0" encoding="UTF-8" standalone="yes"?>
<addon id="plugin.video.ytchannels" name="Youtube Channels" version="0.0.21" provider-name="natko1412">
	<requires>
		<import addon="xbmc.python" version="2.1.0"/>
		<import addon="script.module.beautifulsoup" version="3.2.1"/>
    	<import addon="script.module.youtube" optional="true" />
	</requires>
	<extension point="xbmc.python.pluginsource" library="default.py">
		<provides>video</provides>
	</extension>
	<extension point="xbmc.addon.metadata">
		<summary lang="en">Watch your favourite youtube channels</summary>
		<description lang="en">Watch your favourite youtube channels and organize them in folders.</description>
		
		<platform>all</platform>
	</extension>
</addon>